id,name
2321.0,koldamenta
165.0,s0m
966.0,trexx
691.0,Starxo
2841.0,FiNESSE
2528.0,sheydos
2483.0,crashies
3211.0,Victor
3043.0,ardiis
7375.0,Wolfen
1826.0,nukkye
8026.0,Seoldam
652.0,xnfri
2830.0,rhyme
2594.0,Hoody
2114.0,Anthem
298.0,Fit1nho
2983.0,Cloud
69.0,Suggest
2584.0,Reita
2791.0,takej
12341.0,Meteor
2151.0,k1Ng
4748.0,aspas
2895.0,Saadhak
1199.0,TS
16804.0,cauanzin
1506.0,tuyz
3523.0,Secret
443.0,eKo
4746.0,Less
17788.0,Nivera
4824.0,XMS
1690.0,ScreaM
4836.0,Newzera
4084.0,YuChEn
4835.0,sh1n
23113.0,AAAAY
4079.0,nizhaoTZH
2231.0,BerLIN
10501.0,Yuicaw
3725.0,Brave
1251.0,BuZz
582.0,stax
168.0,SouhcNi
2864.0,Turko
814.0,Zest
1550.0,Rb
9643.0,QutionerX
1852.0,AsLanM4shadoW
452.0,MaKo
8387.0,Benkai
13591.0,Xeppaa
440.0,Zellsis
8385.0,mindfreak
4639.0,vanity
432.0,Jinggg
8386.0,f0rsakeN
3599.0,leaf
2716.0,yay
8388.0,d4v41
1023.0,Boostio
200.0,keloqz
2391.0,zeek
3346.0,BcJ
2882.0,C0M
2940.0,mixwell
2769.0,AvovA
10253.0,Ethan
4157.0,jawgemo
2305.0,Boo
3642.0,crws
6890.0,foxz
1877.0,frz
11296.0,jzz
277.0,murizzz
5288.0,heat
671.0,sushiboys
16125.0,garnetS
4771.0,RgLMeister
13610.0,JitboyS
193.0,DubsteP
1834.0,Sayf
1081.0,nAts
2056.0,soulcas
405.0,JessieVash
1964.0,Redgar
8988.0,invy
10211.0,Jamppi
2121.0,Jremy
3076.0,BORKUM
2773.0,Daveeys
1256.0,Zyppan
2335.0,ANGE1
3203.0,xand
2532.0,NagZ
732.0,cNed
2359.0,Shao
3421.0,Melser
2225.0,SUYGETSU
2981.0,axeddy
2699.0,crow
2232.0,SugarZ3ro
2212.0,Laz
1593.0,Dep
4710.0,Mazino
3532.0,Tacolilla
21588.0,Shyy
519.0,TENNN
2752.0,Nozwerr
6414.0,kiNgg
1075.0,Bazzi
1538.0,Twisten
426.0,Destrian
1334.0,Bonecold
4811.0,T3xture
1685.0,SkRossi
2561.0,MOLSI
2608.0,ceNder
3062.0,AYRIN
3377.0,Monyet
795.0,MrFaliN
10243.0,qw1
8078.0,Emman
217.0,fl1pzjder
112.0,MOJJ
132.0,AtaKaptan
9850.0,qRaxs
3583.0,Lmemore
813.0,EJAY
3365.0,xffero
9124.0,2GE
4075.0,nobody
763.0,Asuna
1012.0,bang
4077.0,ZmjjKK
4333.0,Smoggy
269.0,Derrek
14484.0,CHICHOO
1802.0,Cryocells
122.0,stellar
4070.0,Haodong
274.0,Chronicle
14543.0,Alfajer
449.0,Leo
3033.0,TenZ
2294.0,Sacy
494.0,dephh
3582.0,zekken
6037.0,pANcada
2937.0,Derke
2011.0,Boaster
3340.0,ban
876.0,Munchkin
81.0,mwzera
29191.0,Carpe
1961.0,xeta
2551.0,Sayaplayer
2423.0,Quick
6038.0,dgzin
6039.0,mazin
2749.0,Khalil
22921.0,CigaretteS
23845.0,Demon1
10573.0,Foxy9
17528.0,hfmi0dzjc9z7
14501.0,monk
23923.0,bunt
4072.0,Life
3591.0,YHchen
4882.0,kamyk
4798.0,Muj
25606.0,ZE1SH
22451.0,Harmii
1308.0,weber
1406.0,iNTRO
2691.0,WRONSKI
3113.0,Patt
2904.0,GodDead
3522.0,Sylvan
15518.0,something
1505.0,Lightningfast
6625.0,lenne
1725.0,keznit
4712.0,Klaus
15282.0,runi
5582.0,jakee
398.0,Marved
542.0,Txozin
34185.0,Lysoar
4107.0,biankk
4101.0,yosemite
14491.0,whzy
4102.0,rin
14433.0,Knight
2179.0,Autumn
154.0,MAGNUM
9490.0,marteen
33171.0,N4RRATE
18082.0,tomaszy
3521.0,Lakia
34555.0,Karon
16254.0,MiniBoo
10662.0,RieNs
1578.0,Johnqt
27305.0,benjyfishy
2688.0,paTiTek
766.0,sScary
27164.0,iZu
758.0,Egoist
1030.0,Crazyguy
5305.0,Rossy
6639.0,Deryeon
9951.0,xccurate
2318.0,Russ
9558.0,hiroronn
2772.0,Polvi
1919.0,blaZek1ng
27261.0,YURAN
15395.0,NDG
4235.0,Governor
2388.0,neth
3011.0,Medusa
1886.0,Meiy
31979.0,Flashback
23142.0,SSeeS
23152.0,Jemkin
22699.0,Estrella
6776.0,BeYN
21245.0,Surf
954.0,Retla
4216.0,yetujey
1749.0,pAura
17315.0,Elite
543.0,REAZY
10388.0,Keiko
718.0,Enzo
76.0,Mistic
2375.0,GRUBINHO
2873.0,ShadoW
20491.0,kamo
4828.0,nataNk
356.0,beyAz
2637.0,logaN
20455.0,runneR
18868.0,Kicks
18548.0,Wailers
1402.0,TakaS
4745.0,liazzi
17624.0,havoc77
2366.0,kon4n
7025.0,wippie
16752.0,OXY
20594.0,artzin
1763.0,tex
1597.0,eeiu
1804.0,valyn
11412.0,trent
4141.0,neT
3540.0,mta
1091.0,JonahP
3842.0,Apoth
1994.0,supamen
74.0,NaturE
3345.0,Moose
4509.0,icy
509.0,Purp0
19341.0,Wo0t
19663.0,nephh
27300.0,hiro
23937.0,Flex1n
23106.0,primmie
14320.0,LuoK1ng
34187.0,Kai
5366.0,FengF
2958.0,HeiB
11078.0,S1Mon
3428.0,TvirusLuke
51379.0,Shion7
7146.0,vo0kashu
10497.0,Nicc
33009.0,Elmapuddy
893.0,ShahZaM
21298.0,Pa1nt
8182.0,Palla
8315.0,richzin
6805.0,kAdavra
15064.0,Famsii
8083.0,Wild0reoo
42556.0,HYUNMIN
792.0,freeing
12977.0,CyvOph
31734.0,westside
17313.0,florescent
40438.0,batujnax
18259.0,kaajak
3016.0,koalanoob
17211.0,Ruxic
10503.0,ara999
938.0,Flickless
427.0,sociablEE
20117.0,PROFEK
24440.0,Lewn
2568.0,Avez
13130.0,xeus
1689.0,flyuh
5679.0,Filu
5370.0,Click
16423.0,SerialKiller
21035.0,Minny
622.0,v1nNy
18199.0,xenom
3798.0,Zander
4782.0,cortezia
1801.0,mada
15936.0,v1c
19551.0,Verno
2213.0,mitch
6276.0,Lz
2230.0,PryZee
6193.0,silentzz
905.0,bdog
3352.0,penny
4143.0,Add3r
3026.0,zap
11445.0,gobera
3531.0,adverso
23522.0,raafa
15964.0,Askia
14131.0,PxS
25939.0,lukxo
1468.0,brawk
12282.0,Akame
6702.0,UdoTan
1212.0,Kr1stal
9539.0,Art  
56474.0,gyen
2508.0,JinboongE
13561.0,PapiChulo
3042.0,kellyS
49178.0,patrickWHO
15044.0,dos9
386.0,Famouz
3496.0,NcSlasher
18836.0,Ash
3363.0,BerserX
9970.0,Shiro
16710.0,PatMen
10.0,CLZ
23136.0,Xdll
12262.0,SyouTa
13609.0,killua
47062.0,thyy
3358.0,Kushy
4228.0,Persia
29470.0,Francis
29467.0,Dambi
29471.0,Ivy
31138.0,margaret
27177.0,TenTen
22841.0,yoman
87.0,vakk
1989.0,RobbieBk
1848.0,Oderus
2199.0,hype
